email_address,first_name,last_name,birthdate,sex,location_country,location_city
johndoe@gmail.com,John,Doe,10/10/90,Male,Singapore,Singapore
jamesfranco@outlook.com,James,Franco,5/3/90,Male,Singapore,Singapore
carlossainz@gmail.com,Carlos,Sainz,8/1/94,Male,Singapore,Singapore
pierre.gasly@gmail.com,Pierre,Gasly,2/7/96,Male,Singapore,Singapore
charles.dnf.leclerc@outlook.com,Charles,Leclerc,10/16/97,Male,Singapore,Singapore